Synonym,Family,LDMC (g/g),Plant height (m),Nmass (mg/g),Leaf area (mm2),Woodiness,Diaspore mass (mg),N_Names,N_Langs,N_Uses,Species,Ssp_var
1,1,0.21069182389937108,0.7232704402515723,0.4025157232704403,0.44339622641509435,0.8490566037735849,0.8144654088050315,1,1,1,1,0.03459119496855346
