Synonym,Family,LDMC (g/g),Plant height (m),Nmass (mg/g),Leaf area (mm2),Woodiness,N_Names,N_Langs,N_Uses,Species,Ssp_var
1,0.9895833333333334,0.19010416666666666,0.6640625,0.390625,0.4192708333333333,0.7864583333333334,0.828125,0.828125,0.828125,0.9947916666666666,0.026041666666666668
