Species,Ssp,Var,author,Ssp_author,Synonym (scientific name),Common (Western) name,Family,N_Names,N_Langs,N_Uses,Species_full,Species_full_author,Synonym,original_name,original_name_Diaz,Number of traits with values,SSD combined (mg/mm3),SSD imputed (mg/mm3),LDMC (n.o.),LDMC (g/g),SSD (n.o.),SSD observed (mg/mm3),Diaspore mass (n.o.),Diaspore mass (mg),Plant height (n.o.),Plant height (m),LMA (n.o.),LMA (g/m2),Nmass (n.o.),Nmass (mg/g),Leaf area (n.o.),Leaf area (mm2),Leaf type,Nutrition type (carnivory),Nutrition type (parasitism),Succulence,Growth Form,Woodiness,Adaptation to terrestrial or aquatic habitats,Phylogenetic Group General,Phylogenetic Group within angiosperms,original_name_TRY,Nmass (mg/g)_TRY,Plant height (m)_TRY,SSD_TRY,Woodiness_TRY,LNLA_TRY,Leaf area (mm2)_TRY,SLA_TRY,LDMC (g/g)_TRY,RRD_TRY
1,1,1,0.9937106918238994,1,0.05660377358490566,0.9308176100628931,1,1,1,1,1,1,1,1,0.8522012578616353,0.8522012578616353,0.2861635220125786,0.1069182389937107,0.10062893081761007,0.1069182389937107,0.16666666666666666,0.1792452830188679,0.7767295597484277,0.8081761006289309,0.7075471698113207,0.720125786163522,0.44654088050314467,0.4591194968553459,0.3836477987421384,0.39308176100628933,0.39622641509433965,0.4308176100628931,0.839622641509434,0,0.8144654088050315,0,0.8364779874213837,0.8459119496855346,0.839622641509434,0.8522012578616353,0.8522012578616353,0.4937106918238994,0.29874213836477986,0.33962264150943394,0.13836477987421383,0,0.040880503144654086,0.24213836477987422,0.29874213836477986,0.1918238993710692,0.03773584905660377
