Species_full,Family,NA,LDMC (g/g),Plant height (m),Nmass (mg/g),Leaf area (mm2),Woodiness,N_Names,N_Langs,N_Uses,Species,Ssp_var
1,0.9874213836477987,0,0.21069182389937108,0.7232704402515723,0.39937106918238996,0.44025157232704404,0.8490566037735849,1,1,1,1,0.03459119496855346
