Synonym,Family,LDMC (g/g),Plant height (m),Nmass (mg/g),Leaf area (mm2),Woodiness,Diaspore mass (mg),N_Names,N_Langs,N_Uses,Species,Ssp_var
1,1,0.21069182389937108,0.7232704402515723,0.4088050314465409,0.449685534591195,0.8522012578616353,0.8144654088050315,1,1,1,1,0.031446540880503145
